e, e_dot, e_int, stamp, 
8.946121840083775, 5.235343418045583e-08, 1.7892243663820395, 33321000000, 
8.946121806332997, -8.31202484619098e-08, 1.789224365179056, 33389000000, 
8.946121823822581, -5.42039776026589e-08, 1.7892243646826236, 33491000000, 
8.942829910704933, -0.010972985426877338, 1.789004902724034, 33593000000, 
8.933145786721123, -0.04325345700486002, 1.7881398347499093, 33695000000, 
8.923466958876592, -0.06454317276113859, 1.7866295104201766, 33797000000, 
8.913795385077721, -0.06450133881134097, 1.7846938753783623, 33899000000, 
8.904131070482062, -0.06445296131509792, 1.7827595609624252, 34001000000, 
8.894475777721182, -0.0643986911884653, 1.7808268155520646, 34103000000, 
8.884833801391643, -0.06432423030139726, 1.7788960433063257, 34205000000, 
8.875206242361802, -0.06423178453126492, 1.776967721431642, 34307000000, 
8.865588429186827, -0.06415124068272011, 1.775041898196018, 34409000000, 
8.855974644214413, -0.06410532715796317, 1.7731179543842026, 34511000000, 
8.846363474183114, -0.06408318334570968, 1.7711951031722903, 34613000000, 
8.836755682723442, -0.06406320496990266, 1.7692729200747312, 34715000000, 
8.82715633048298, -0.0640238123337807, 1.7673516991593023, 34817000000, 
8.817568451880549, -0.06395743614297918, 1.7654320310057978, 34919000000, 
8.807990400369544, -0.06388643371145382, 1.7635143455155382, 35021000000, 
8.80160837857085, -0.05320024436566465, 1.761811148721396, 35089000000, 
8.792038476160783, -0.0531730806958682, 1.7601091503400785, 35191000000, 
8.782473672544059, -0.06378235342263376, 1.7584080351517126, 35293000000, 
8.772917268431794, -0.06373735909663243, 1.7564952944757757, 35395000000, 
8.763370779618194, -0.06367630975288326, 1.7545841147062697, 35497000000, 
8.753832825620403, -0.06361480937130182, 1.7526747249113594, 35599000000, 
8.744300941992273, -0.06356612541973543, 1.7507669698153914, 35701000000, 
8.734774346429624, -0.06352826396926285, 1.7488605409361535, 35803000000, 
8.725254765645666, -0.06348725448869293, 1.7469553369378374, 35905000000, 
8.71575151442361, -0.06340944002004652, 1.7450520417665931, 36007000000, 
8.706222382549873, -0.06344127698597528, 1.7431485775079432, 36109000000, 
8.696655874183646, -0.06365213413321413, 1.7412419847438088, 36211000000, 
8.687076136096252, -0.06382082151207058, 1.739330292855318, 36313000000, 
8.67748249271858, -0.06391127155022029, 1.7374143001998987, 36415000000, 
8.667882054387867, -0.06398027236128219, 1.7354960455468467, 36517000000, 
8.658287591839445, -0.06398300293045149, 1.7335768092630597, 36619000000, 
8.651896229069918, -0.05328608439316559, 1.731871058353149, 36687000000, 
8.642315817978348, -0.05323924620365498, 1.730166642592514, 36789000000, 
8.632740513042872, -0.06385238675681748, 1.7284635040060758, 36891000000, 
8.623167940503716, -0.0638262582487729, 1.726548284768329, 36993000000, 
8.613595368896284, -0.06381714715529323, 1.724633588162858, 37095000000, 
8.604020600228093, -0.06382446758541012, 1.7227189273085395, 37197000000, 
8.594442652525117, -0.06384238790388963, 1.7208039081099662, 37299000000, 
8.584860828268196, -0.06386590653299014, 1.7188882720680936, 37401000000, 
8.575275482166926, -0.06389056786063681, 1.7169719308640161, 37503000000, 
8.56568819241288, -0.06390878618438715, 1.7150549668565331, 37605000000, 
8.556100526217206, -0.06391651983240247, 1.7131376133864678, 37707000000, 
8.5465131252975, -0.06391689038460176, 1.7112201229285058, 37809000000, 
8.536926073622473, -0.06391484198244275, 1.7093026483424785, 37911000000, 
8.527339721333398, -0.06391134654700537, 1.7073852613502247, 38013000000, 
8.51774798427049, -0.06392696450660651, 1.7054675852817576, 38115000000, 
8.508149709277768, -0.06396670685209808, 1.7035491609921105, 38217000000, 
8.498548728723287, -0.06399751849067788, 1.7016297614847697, 38319000000, 
8.492146522861306, -0.053343954721540854, 1.6999229973908243, 38387000000, 
8.482541396917323, -0.05335777268654714, 1.6982157765667945, 38489000000, 
8.472935378701946, -0.06403714719786772, 1.6965082198987051, 38591000000, 
8.463329674740075, -0.0640390739241603, 1.6945870966906227, 38693000000, 
8.453724568324445, -0.06403603459167091, 1.692665974784431, 38795000000, 
8.444119610516205, -0.06403354741289984, 1.6907449235720482, 38897000000, 
8.434514539947818, -0.0640334279220885, 1.6888239145858979, 38999000000, 
8.424908823694961, -0.06403595607081296, 1.6869028649439324, 39101000000, 
8.415301966063799, -0.06404191294672994, 1.6849816886471052, 39203000000, 
8.405693952741425, -0.06404956984512229, 1.683060316166679, 39305000000, 
8.396084922187514, -0.06405681292095029, 1.6811387227328491, 39407000000, 
8.386475119475849, -0.06406277755192018, 1.6792169329603193, 39509000000, 
8.376864590183303, -0.06406777334737157, 1.6772949754564443, 39611000000, 
8.367253403369258, -0.06407238702196949, 1.6753728742018938, 39713000000, 
8.357641657661505, -0.06407644173932543, 1.673450643414271, 39815000000, 
8.348029403826997, -0.06407999847420243, 1.6715282976571841, 39917000000, 
8.34162047973562, -0.05340392641961363, 1.669819436081608, 39985000000, 
8.332007948683174, -0.0534048504794112, 1.6681105221497192, 40087000000, 
8.322399797973809, -0.06406893920604044, 1.6664018817595068, 40189000000, 
8.3127952809797, -0.06404222567824765, 1.6644802018424454, 40291000000, 
8.303192393465995, -0.06402468169271221, 1.662559164827967, 40393000000, 
8.293591551877636, -0.06401243034021083, 1.660638615088222, 40495000000, 
8.28399139419951, -0.0640033308882811, 1.6587183559695429, 40597000000, 
8.27439059634547, -0.06400318510722276, 1.6567982361615077, 40699000000, 
8.264789559161471, -0.06400611679346468, 1.6548781033137634, 40801000000, 
8.255188811419535, -0.06400594975311573, 1.6529579311284317, 40903000000, 
8.24558833863332, -0.06400406842717032, 1.6510377806142884, 41005000000, 
8.235988554986381, -0.06400085477717828, 1.6491177136692823, 41107000000, 
8.226389962418535, -0.06399458738261643, 1.6471977904025492, 41209000000, 
8.216792697633494, -0.06398619117629067, 1.6452780810025605, 41311000000, 
8.207196631076213, -0.06397777114107346, 1.6433586194085497, 41413000000, 
8.197601723251566, -0.06396991460642691, 1.641439403464085, 41515000000, 
8.188007880420976, -0.06396250218412429, 1.639520415649917, 41617000000, 
8.181612428110805, -0.05329765046920324, 1.6378148021188896, 41685000000, 
8.172019943081171, -0.053293124466016195, 1.63610935010753, 41787000000, 
8.162428225346414, -0.06394734254797048, 1.634404039769226, 41889000000, 
8.15283693321468, -0.06394336622163858, 1.6324856734428177, 41991000000, 
8.143247393981008, -0.06393610455135128, 1.6305675035028069, 42093000000, 
8.133662522385954, -0.06391470276241762, 1.6286497899721093, 42195000000, 
8.124080141944745, -0.06389084012087783, 1.6267326705541136, 42297000000, 
8.114500214358904, -0.06387436009016885, 1.6248161919126403, 42399000000, 
8.104922902861288, -0.063857463611523, 1.6229002172776628, 42501000000, 
8.095347148341366, -0.06384355339179137, 1.6209846843707705, 42603000000, 
8.085772251937321, -0.06383550307988983, 1.6190694868759983, 42705000000, 
8.076198592062077, -0.06382852093096265, 1.6171545328227177, 42807000000, 
8.066626089528482, -0.06382054136279791, 1.6152397955685254, 42909000000, 
8.057054926698346, -0.063812217879106, 1.6133253072192604, 43011000000, 
8.047485437910419, -0.06380217206020926, 1.6114110969424829, 43113000000, 
8.037917727189994, -0.06379066502783932, 1.609497206119917, 43215000000, 
8.031540308617544, -0.05315043097625131, 1.607796231581197, 43283000000, 
8.021975858312414, -0.05313956292526475, 1.60609559294133, 43385000000, 
8.012413285484728, -0.0637567437760526, 1.6043952968276456, 43487000000, 
8.00285246787808, -0.06374463478111399, 1.6024827741116814, 43589000000, 
7.993293437393217, -0.06373282697170228, 1.6005706127170682, 43691000000, 
7.983736151513939, -0.06372105454713821, 1.5986588037856824, 43793000000, 
7.974180468507645, -0.06370989628524153, 1.5967473371609868, 43895000000, 
7.964590524589084, -0.06381875641618369, 1.594833809640711, 43997000000, 
7.955246257153892, -0.06311403784584317, 1.5929344833500414, 44099000000, 
7.946877014157224, -0.0590450347728666, 1.5911142530600133, 44201000000, 
7.939178645357246, -0.053558705988819476, 1.5894201277778908, 44303000000, 
7.931920798512145, -0.04985405215026143, 1.5878650972017743, 44405000000, 
7.9250560799716165, -0.04707521795209798, 1.5864103682560673, 44507000000, 
7.9182827842443295, -0.04546004755938545, 1.5850173108485393, 44609000000, 
7.911380873913988, -0.04558402019209614, 1.5836479825419958, 44711000000, 
7.904453064581173, -0.046099065543856454, 1.5822744481826327, 44813000000, 
7.897555183903595, -0.046085633367975255, 1.580892608159917, 44915000000, 
7.892988989267894, -0.038213584377594735, 1.5796664825168443, 44983000000, 
7.886249813834792, -0.03768456689601093, 1.5784529324670853, 45085000000, 
7.879740927132246, -0.04416020711882851, 1.5772653153489955, 45187000000, 
7.873498121811347, -0.04250564007814835, 1.5759659241852257, 45289000000, 
7.867518911232149, -0.0407400530003225, 1.5747171973450493, 45391000000, 
7.86177778468888, -0.03906779040822409, 1.5735196545154917, 45493000000, 
7.856237050326301, -0.03760620301949421, 1.5723689164164885, 45595000000, 
7.850853086102846, -0.036415661953448364, 1.5712578614078685, 45697000000, 
7.845600834722133, -0.03545405201389092, 1.570179398076752, 45799000000, 
7.840476388321308, -0.0345889926051246, 1.569128687276419, 45901000000, 
7.835485649670492, -0.033717283505471464, 1.5681041915142622, 46003000000, 
7.830641366157349, -0.03278340721319791, 1.5671068936099433, 46105000000, 
7.825961134162393, -0.03174838502699728, 1.5661392099993487, 46207000000, 
7.821440651032943, -0.030669050414685966, 1.5652028767568458, 46309000000, 
7.81691361043343, -0.030158412429877046, 1.5642876930419178, 46411000000, 
7.812362307274033, -0.03026114586303308, 1.5633811045826935, 46513000000, 
7.809364240294132, -0.02516456713099302, 1.5625760105334399, 46581000000, 
7.804898898863511, -0.024878028035072813, 1.5617750297621118, 46683000000, 
7.80049171778089, -0.029575075044139254, 1.5609836571292355, 46785000000, 
7.796179482277214, -0.029064721954323858, 1.5601046732614412, 46887000000, 
7.791978292740741, -0.028378083467162085, 1.559243299519923, 46989000000, 
7.787882881968676, -0.027655334361795052, 1.5584027104657754, 47091000000, 
7.783885529808124, -0.0269758764420569, 1.5575831136345029, 47193000000, 
7.77997568665169, -0.026357317723286755, 1.5567829398952326, 47295000000, 
7.776135321766193, -0.025834026806436466, 1.555999769215067, 47397000000, 
7.772350981018786, -0.025415685443013203, 1.555230799295778, 47499000000, 
7.768620345602442, -0.025049920545837285, 1.5544737765591614, 47601000000, 
7.764942850724196, -0.024693767648630665, 1.5537276118230283, 47703000000, 
7.761319645045754, -0.02433566852229359, 1.5529921894248262, 47805000000, 
7.757754707645422, -0.023960476929249335, 1.5522678135610248, 47907000000, 
7.754251070172541, -0.02356191624404443, 1.5515550281909145, 48009000000, 
7.750809516493189, -0.02315063717410896, 1.5508543529540766, 48111000000, 
7.747429490998913, -0.022738597245425634, 1.550166005177643, 48213000000, 
7.745209274521579, -0.01866747323870044, 1.549563218800912, 48281000000, 
7.74192686923036, -0.01834207256184328, 1.5489710423167233, 48383000000, 
7.738699483344595, -0.021699303923279345, 1.5483890418064357, 48485000000, 
7.7355249851500565, -0.021339613601011703, 1.5477434225150009, 48587000000, 
7.732402204390854, -0.020990929845803308, 1.5471084448590338, 48689000000, 
7.729331773622124, -0.020644038426442062, 1.5464839308775356, 48791000000, 
7.7263137018822245, -0.020295008362098226, 1.5458698453263469, 48893000000, 
7.723347740567351, -0.019946776849243026, 1.54526621440478, 48995000000, 
7.720434813396345, -0.019596294952931952, 1.5446730837230613, 49097000000, 
7.71751958276214, -0.019427192684036143, 1.5440868091150557, 49199000000, 
7.71414147719953, -0.020977787322715713, 1.5434730582238676, 49301000000, 
7.71030271479387, -0.024056226560900857, 1.5427975849837026, 49403000000, 
7.706006424425095, -0.02711684258144942, 1.5420300410945664, 49505000000, 
7.7012615876325805, -0.030137090537631177, 1.5411713817901032, 49607000000, 
7.696101217618052, -0.03301735602347774, 1.5402246153117152, 49709000000, 
7.6906441427593135, -0.03539148291088997, 1.5392004632006633, 49811000000, 
7.686871357273288, -0.03076620114921269, 1.5382411145100434, 49879000000, 
7.681030534081782, -0.03204536225843787, 1.5372364022742921, 49981000000, 
7.6750021523472105, -0.03956401642025931, 1.5361936029134855, 50083000000, 
7.668792909992786, -0.040792080296654376, 1.534988373094785, 50185000000, 
7.662391784804723, -0.04203455847495855, 1.5337457898096478, 50287000000, 
7.655779563151095, -0.043377822805634736, 1.5324642838632403, 50389000000, 
7.648951366963448, -0.04480139280424863, 1.5311415143279512, 50491000000, 
7.641910216952665, -0.04623115399476833, 1.5297760764711474, 50593000000, 
7.634661476284928, -0.04763296892840015, 1.5283682040134028, 50695000000, 
7.62721936301791, -0.04896951311584926, 1.5269194037503668, 50797000000, 
7.6195975457747815, -0.050213101700489204, 1.525431892338508, 50899000000, 
7.611805625757589, -0.051379124201069715, 1.5239081689700187, 51001000000, 
7.603851229248204, -0.0524877217552581, 1.5223502933853716, 51103000000, 
7.59573821864983, -0.053558023692531855, 1.5207596715770417, 51205000000, 
7.587467072258221, -0.0546138566332773, 1.5191371013437505, 51307000000, 
7.579036454988654, -0.055672545537251615, 1.5174827830597803, 51409000000, 
7.57332170683572, -0.047151218075004074, 1.5159883489388397, 51477000000, 
7.56467471102836, -0.047872479867647755, 1.5144688581901822, 51579000000, 
7.556010981712767, -0.05770241707650984, 1.5129338266384564, 51681000000, 
7.54731726282213, -0.05785816068743325, 1.5112001970375504, 51783000000, 
7.538573937059926, -0.05812348217613561, 1.5094601454396548, 51885000000, 
7.529786881604298, -0.05843460405944079, 1.5077118720990903, 51987000000, 
7.520931326415366, -0.05880870214853395, 1.5059528096719725, 52089000000, 
7.511987372409975, -0.05933169731440794, 1.5041803720286426, 52191000000, 
7.5029630883602465, -0.05989412685039793, 1.502392119145706, 52293000000, 
7.493866562215983, -0.060402700646641584, 1.500587801532414, 52395000000, 
7.484701119122356, -0.06087323079296899, 1.4987687179799059, 52497000000, 
7.475477960930021, -0.06129533761987401, 1.4969363761512238, 52599000000, 
7.4662057293095945, -0.061651299375871105, 1.4950923206241313, 52701000000, 
7.4568882082173, -0.06196584237573669, 1.4932381265637944, 52803000000, 
7.447527413399283, -0.0622610530343722, 1.4913747567284117, 52905000000, 
7.438123849756845, -0.06254786153484737, 1.4895026314248951, 53007000000, 
7.428676071787918, -0.06283780537121568, 1.4876218223296032, 53109000000, 
7.422352088464539, -0.05257253764102169, 1.4859434673339535, 53177000000, 
7.412827754246906, -0.05282772513670745, 1.4842570609666241, 53279000000, 
7.403256623486621, -0.06365154992639195, 1.482562431079871, 53381000000, 
7.39362521854365, -0.0640084523441864, 1.4806473064184786, 53483000000, 
7.383998777605756, -0.06419281960288477, 1.4787253746424018, 53585000000, 
7.374513069578704, -0.0637071632164865, 1.4768091377152073, 53687000000, 
7.365065931143861, -0.06310948820631583, 1.4749051852218882, 53789000000, 
7.355661306466479, -0.06283921037408231, 1.4730160204792697, 53891000000, 
7.346301412383929, -0.06254839586643968, 1.4711352433329514, 53993000000, 
7.336925941653004, -0.062451216044916436, 1.469259244033561, 54095000000, 
7.327510792964, -0.06263539806642922, 1.4673825431333958, 54197000000, 
7.318068463869026, -0.06285825927992761, 1.4655003465657355, 54299000000, 
7.3086006062777535, -0.06303395562082297, 1.4636119908740521, 54401000000, 
7.299116085267332, -0.06317459533898173, 1.4617190103609408, 54503000000, 
7.289629795360253, -0.06323603639166879, 1.4598230991270225, 54605000000, 
7.280150240517572, -0.06321948249919866, 1.4579264080763437, 54707000000, 
7.270680958991664, -0.06316278789529524, 1.4560307329912991, 54809000000, 
7.2643738927313155, -0.05258782595418824, 1.4543470061493702, 54877000000, 
7.254920952761099, -0.052533354101885386, 1.452665053632272, 54979000000, 
7.245472943206628, -0.06300316508229227, 1.4509845192466029, 55081000000, 
7.23602519677662, -0.06298585328159707, 1.4490946061829564, 55183000000, 
7.226574424328209, -0.06299506292806178, 1.4472048376207638, 55285000000, 
7.217119319702238, -0.06301959024793764, 1.4453145960538045, 55387000000, 
7.2076532451274264, -0.06307059733594282, 1.443423132610525, 55489000000, 
7.198224362196843, -0.06298319168465127, 1.4415331284684336, 55591000000, 
7.188866116848841, -0.06262376092861881, 1.4396495816115407, 55693000000, 
7.1795384449001345, -0.062286390989028106, 1.437775261596388, 55795000000, 
7.17024169712428, -0.06208139908186953, 1.4359097505915501, 55897000000, 
7.160969460125938, -0.061896615913988505, 1.43404997347669, 55999000000, 
7.15170119280462, -0.061801681065531966, 1.4321941566703227, 56101000000, 
7.142427948110746, -0.0618050400506398, 1.430339906736087, 56203000000, 
7.133153827330064, -0.061824551581854216, 1.4284855312163618, 56305000000, 
7.1238806353195185, -0.06182437597075818, 1.4266308273840218, 56407000000, 
7.114612498922986, -0.06180442802359446, 1.4247764641048377, 56509000000, 
7.108440087087489, -0.05146849410676483, 1.4231288814219993, 56577000000, 
7.099193077810313, -0.051398070375574534, 1.421483044254719, 56679000000, 
7.089962437953007, -0.061592163781606736, 1.4198397068567208, 56781000000, 
7.08074811902725, -0.06148319594354431, 1.417993575652705, 56883000000, 
7.0715491052876, -0.061377775551356706, 1.4161506441511904, 56985000000, 
7.062363117491876, -0.061283338451246415, 1.4143106894537818, 57087000000, 
7.053188568817888, -0.06120178823237232, 1.4124733861064909, 57189000000, 
7.044024238370856, -0.061129597070067966, 1.410638394978708, 57291000000, 
7.034870163853489, -0.061061349881332085, 1.4088055314028154, 57393000000, 
7.025727631368046, -0.06098869000936702, 1.4069748022394928, 57495000000, 
7.016593016114738, -0.06092382579583481, 1.4051460540890848, 57597000000, 
7.007464780072453, -0.060876170985307475, 1.4033190285036823, 57699000000, 
6.998344861051316, -0.060827183544741224, 1.4014935104825672, 57801000000, 
6.989232728712596, -0.06077350453285687, 1.3996694913224244, 57903000000, 
6.98012850284506, -0.060721194020851854, 1.397847072840598, 58005000000, 
6.971033015808345, -0.060665709680837544, 1.3960262831577335, 58107000000, 
6.964974283315742, -0.05051406509772723, 1.3944090534646099, 58175000000, 
6.955893550771058, -0.05046488345762453, 1.3927933899930096, 58277000000, 
6.946821550781777, -0.06050910844654922, 1.3911792923245718, 58379000000, 
6.937758020082657, -0.06045176896133597, 1.3893648747756995, 58481000000, 
6.92870276846759, -0.060395941047290215, 1.3875521559554684, 58583000000, 
6.9196556246519725, -0.060341318102281605, 1.3857410942134814, 58685000000, 
6.910616488858751, -0.06028759869613154, 1.3839316587985544, 58787000000, 
6.9015853418242115, -0.06023427609253673, 1.3821238303556624, 58889000000, 
6.892562146692721, -0.06018114055343323, 1.3803175984917122, 58991000000, 
6.883547070081895, -0.06012757247438808, 1.378512970573255, 59093000000, 
6.874540344012171, -0.06007267560183216, 1.3767099707191193, 59195000000, 
6.865542052349685, -0.06001672577403324, 1.3749086310962502, 59297000000, 
6.856552539893992, -0.05995934706059636, 1.37310899575039, 59399000000, 
6.84757340256237, -0.059895499291050903, 1.3713111996537364, 59501000000, 
6.838588154401553, -0.0598812849747965, 1.369514273123861, 59603000000, 
6.8295935533808185, -0.059932830605170885, 1.367717007356316, 59705000000, 
6.820599051258549, -0.05996367714334797, 1.3659187172693947, 59807000000, 
6.814602387227891, -0.04997055384309057, 1.3643196661244839, 59875000000, 
6.805608592648758, -0.0499681953659703, 1.3627206687423468, 59977000000, 
6.796619831441344, -0.059941852621824644, 1.3611220540878661, 60079000000, 
6.787638739946788, -0.05989950900656756, 1.3593244776024593, 60181000000, 
6.778665289360053, -0.05984847360430182, 1.3575282573832124, 60283000000, 
6.769698677814393, -0.0598002071079821, 1.3557335138080824, 60385000000, 
6.760737836366442, -0.05975817664537253, 1.353940120236059, 60487000000, 
6.751781303402548, -0.05972458137281755, 1.352147854505559, 60589000000, 
6.742827863380911, -0.059699909951769214, 1.35035646687666, 60691000000, 
6.733877383079689, -0.059679734409527896, 1.3485657699908766, 60793000000, 
6.7249299685100805, -0.05965964956943459, 1.3467756809980453, 60895000000, 
6.7159859797891315, -0.059638010968526466, 1.3449862220919266, 60997000000, 
6.707046046428678, -0.05961307360467553, 1.3431974663151927, 61099000000, 
6.698110590407806, -0.059584631271084966, 1.341409507775041, 61201000000, 
6.689179815507822, -0.059554103069518284, 1.3396224301562871, 61303000000, 
6.6802539536190535, -0.059522122629174966, 1.3378362906356456, 61405000000, 
6.671333487008775, -0.059487761663490346, 1.3360511504090435, 61507000000, 
6.665385298080713, -0.04956218512780275, 1.334464849247236, 61575000000, 
6.656460918908686, -0.049575227000297296, 1.3328786469332115, 61677000000, 
6.647535378804413, -0.05949973092099844, 1.3312921063862542, 61779000000, 
6.638611041995301, -0.059499589711284884, 1.32950715598056, 61881000000, 
6.629688372074732, -0.05949002243227142, 1.327722319524963, 61983000000, 
6.620769359889599, -0.059472273685671574, 1.3259379182639754, 62085000000, 
6.611855139677763, -0.05944410798989589, 1.3241541914428063, 62187000000, 
6.602945615722719, -0.0594124805562668, 1.3223713410193387, 62289000000, 
6.5940402367220425, -0.05938300985240138, 1.320589399474835, 62391000000, 
6.5851386098946065, -0.059356686093708554, 1.3188082974892912, 62493000000, 
6.5762401075766, -0.05933376381814052, 1.31702793027955, 62595000000, 
6.567344368755599, -0.05931413713002579, 1.3152482057484538, 62697000000, 
6.558451181768266, -0.059296419361114516, 1.3134690438733643, 62799000000, 
6.5495607419743305, -0.05927875593756108, 1.3116904194998795, 62901000000, 
6.540673129620111, -0.05926017382718326, 1.3099123368908472, 63003000000, 
6.531788568075623, -0.05924057966235926, 1.3081348293113377, 63105000000, 
6.525867404671582, -0.04935241649509573, 1.3065552734911543, 63173000000, 
6.516988490923894, -0.04933359050576236, 1.3049762975780732, 63275000000, 
6.508112945324923, -0.05918153115553141, 1.3033979227280266, 63377000000, 
6.49924078049537, -0.059159034761746554, 1.3016228144496125, 63479000000, 
6.4903718451269, -0.0591370006600774, 1.2998483713964795, 63581000000, 
6.481505861396837, -0.059116396995110655, 1.2980745658012736, 63683000000, 
6.472643053091363, -0.05909597345178893, 1.2963013839743398, 63785000000, 
6.46378346960542, -0.059074639304723675, 1.2945288256062415, 63887000000, 
6.454927313904141, -0.059052463957405266, 1.2927569224400617, 63989000000, 
6.446074755258976, -0.059029047821480184, 1.290985702584569, 64091000000, 
6.437225773002532, -0.05900513633869823, 1.2892151894777097, 64193000000, 
6.428380411859352, -0.058981144665413154, 1.2874453960080572, 64295000000, 
6.419538766262367, -0.05895668913388441, 1.28567633007495, 64397000000, 
6.410700738202431, -0.05893224552306897, 1.28390799442161, 64499000000, 
6.401866258782724, -0.0589083582654748, 1.2821403842165013, 64601000000, 
6.393035438370882, -0.05888433277182988, 1.2803734956904023, 64703000000, 
6.384208206214566, -0.05886017522719259, 1.2786073268912115, 64805000000, 
6.378325391269021, -0.04903349033953693, 1.2770379357236312, 64873000000, 
6.369504261591761, -0.04901314874268555, 1.275469190605023, 64975000000, 
6.360686766392606, -0.058795416254717736, 1.2739010946168925, 65077000000, 
6.351872935948039, -0.05877108547907165, 1.2721375975954936, 65179000000, 
6.343062887768005, -0.0587462620820034, 1.2703748393405765, 65281000000, 
6.334256503485755, -0.05872144154094686, 1.2686128218134531, 65383000000, 
6.325469548811734, -0.05864446318756933, 1.2668525960043662, 65485000000, 
6.316489204706085, -0.05922432926556809, 1.2650810171335716, 65587000000, 
6.307293120398581, -0.060588094710508265, 1.2632834582610935, 65689000000, 
6.297898132544739, -0.06197024053782011, 1.2614453638432936, 65791000000, 
6.288327037231146, -0.06322027722478474, 1.259567886011631, 65893000000, 
6.278598502878528, -0.06433209888736968, 1.2576549115102942, 65995000000, 
6.268749363740853, -0.06525891163430941, 1.2557116602567018, 66097000000, 
6.258815674269527, -0.06594276203000386, 1.2537442360592603, 66199000000, 
6.2488173926845665, -0.06643990352095545, 1.2517588287129964, 66301000000, 
6.238770702976487, -0.0668165709767976, 1.2497602513287054, 66403000000, 
6.228688275097885, -0.06709705862227189, 1.2477517580505957, 66505000000, 
6.221950783942531, -0.0560663967798547, 1.245960650801127, 66573000000, 
6.211827829336491, -0.05620148587131446, 1.2441644592251269, 66675000000, 
6.201690359407984, -0.06753474844848857, 1.2423645981791336, 66777000000, 
6.191546251315243, -0.06760526007082508, 1.2403376293373147, 66879000000, 
6.181403623846815, -0.06762245187056592, 1.2383093489713362, 66981000000, 
6.171270426246851, -0.06758608356130698, 1.2362813534272603, 67083000000, 
6.161152368820578, -0.06750418342078864, 1.2342550945942827, 67185000000, 
6.1510560194344395, -0.06738135604137163, 1.2322319209667911, 67287000000, 
6.140987569198659, -0.06721599873973065, 1.230213063830245, 67389000000, 
6.130952733494579, -0.0670109531328696, 1.2281997548085117, 67491000000, 
6.120957451772342, -0.06676705808772294, 1.2261931836310387, 67593000000, 
6.111008064425751, -0.06648223022942545, 1.2241945499795115, 67695000000, 
6.10111130285963, -0.06615382970903916, 1.222205121270515, 67797000000, 
6.091354197108107, -0.0655128910588143, 1.220231570959566, 67899000000, 
6.081742574510776, -0.0645624278295139, 1.2182805382985675, 68001000000, 
6.072314856211323, -0.06346446965594647, 1.2163607751886805, 68103000000, 
6.066141629577238, -0.05200314977845899, 1.214679937353289, 68171000000, 
6.057055193344711, -0.05086554288870578, 1.213034111942218, 68273000000, 
6.04815522786094, -0.0599546723876602, 1.2114234700521926, 68375000000, 
6.039430360882291, -0.05874944154140138, 1.2096427188058627, 68477000000, 
6.030882891692828, -0.0575744538937073, 1.2078978986957372, 68579000000, 
6.022510978450941, -0.05639794143783128, 1.206188282068404, 68681000000, 
6.01431008860133, -0.05524267697166074, 1.2045135972496732, 68783000000, 
6.006285985404739, -0.054083310154006504, 1.202873803497134, 68885000000, 
5.998455446343297, -0.05284880752677523, 1.2012701013566243, 68987000000, 
5.990825674398451, -0.05153437002096103, 1.1997044737430993, 69089000000, 
5.983401350052391, -0.0501803209696868, 1.198178831386276, 69191000000, 
5.9761876506650005, -0.04879341244483489, 1.1966943116743896, 69293000000, 
5.96918639970571, -0.047383167822271, 1.1952516933615402, 69395000000, 
5.962396205759853, -0.045971483017159066, 1.193851350408704, 69497000000, 
5.955816519517651, -0.04456626729353097, 1.1924932749988808, 69599000000, 
5.94944776054902, -0.04316148403610794, 1.1911773657217681, 69701000000, 
5.943291993843215, -0.041748418914785056, 1.1899037515939923, 69803000000, 
5.939308238367071, -0.033798407273166, 1.1888031995172872, 69871000000, 
5.933517616484767, -0.032581257861492574, 1.1877411899130035, 69973000000, 
5.927955426601316, -0.037842705885848815, 1.186718752096877, 70075000000, 
5.922630428227938, -0.036290627522763685, 1.1856068980876013, 70177000000, 
5.91755433726523, -0.03467029778695322, 1.1845426794729657, 70279000000, 
5.912739106504709, -0.03297107241076347, 1.1835282581331918, 70381000000, 
5.908150217260226, -0.03134706668334708, 1.1825629107353444, 70483000000, 
5.903380340549385, -0.031195886517746036, 1.1816179776209548, 70585000000, 
5.89842770961034, -0.03240835883295231, 1.1806638844946633, 70687000000, 
5.893497209496853, -0.032943770175108966, 1.1796870173104386, 70789000000, 
5.8885549937025, -0.03290905302613408, 1.1786986608539793, 70891000000, 
5.8836585497526075, -0.03279553248081749, 1.1777140501967973, 70993000000, 
5.8789240280127055, -0.03210321896598126, 1.1767425047645208, 71095000000, 
5.874373067382118, -0.0309516079016318, 1.1757970430098288, 71197000000, 
5.869975773594966, -0.029827514725798327, 1.1748848579326527, 71299000000, 
5.865722575529603, -0.02883497284171514, 1.1740047611004458, 71401000000, 
5.862948532755708, -0.023424136130859214, 1.1732431254586853, 71469000000, 
5.858852757956616, -0.022899391909957007, 1.1725015910827952, 71571000000, 
5.854821055397768, -0.027091591193132796, 1.1717748230740062, 71673000000, 
5.850843849077492, -0.026696362930413997, 1.170967844162125, 71775000000, 
5.846923563487942, -0.0263249730327549, 1.17017256453088, 71877000000, 
5.84307228674565, -0.025905207772807987, 1.1693893132874054, 71979000000, 
5.839302786985283, -0.025402588342195997, 1.168619909147925, 72081000000, 
5.835625261353145, -0.024823417975016564, 1.1678666890056053, 72183000000, 
5.832047451984737, -0.02418445000182068, 1.1671317000215442, 72285000000, 
5.8285730840016825, -0.02350725783820747, 1.1664163864893042, 72387000000, 
5.825298328008433, -0.022497079921013352, 1.1657279242663237, 72489000000, 
5.822559887196203, -0.020043989351599123, 1.1650954199470878, 72591000000, 
5.820332045028829, -0.01655427659867925, 1.1645460173488975, 72693000000, 
5.818605797348008, -0.013180299493982991, 1.1640998486382026, 72795000000, 
5.81737810831941, -0.00984645569806375, 1.1637543967130832, 72897000000, 
5.816559011858905, -0.0068226182970102895, 1.1635028611684215, 72999000000, 
5.816189399003185, -0.003962364387417594, 1.1633417679454332, 73067000000, 
5.815875001353707, -0.0022800350173272457, 1.1632415608143862, 73169000000, 
5.8158050881460355, -0.0012810361904976493, 1.1631912992335285, 73271000000, 
5.8159594146192495, 0.0002813775518095696, 1.1631759669412662, 73373000000, 
5.81634874011865, 0.0018121732420498897, 1.1632075495255956, 73475000000, 
5.817002965405148, 0.003478502619662649, 1.1632874080095366, 73577000000, 
5.817930679900503, 0.0052731326061739026, 1.1634188256949534, 73679000000, 
5.819131145982399, 0.0070939352575027925, 1.1636043194192034, 73781000000, 
5.820604716373374, 0.008913454909572257, 1.1638444361504185, 73883000000, 
5.82233629417074, 0.010683827294470186, 1.1641381437684342, 73985000000, 
5.824306378505815, 0.012338873774802769, 1.1644831592699953, 74087000000, 
5.826501101653119, 0.013882691607930061, 1.1648762516219784, 74189000000, 
5.828908309818899, 0.01533977104361206, 1.1653143859985222, 74291000000, 
5.831519752079223, 0.01672883475367944, 1.1657952775700828, 74393000000, 
5.834331858136749, 0.01807849439283397, 1.1663173280023247, 74495000000, 
5.83734442752674, 0.019415584825056936, 1.166879735849514, 74597000000, 
5.839464448679435, 0.017108635142288147, 1.1674093822895282, 74665000000, 
5.842812489359666, 0.01822687277641973, 1.1679747577043893, 74767000000, 
5.846363011348974, 0.022995208898463442, 1.1685759966258717, 74869000000, 
5.850116308923099, 0.024346065211444667, 1.169286120642116, 74971000000, 
5.853870678747903, 0.025025557996428322, 1.1700233332679986, 75073000000, 
5.856529916239799, 0.02137869105566459, 1.1707011269273868, 75175000000, 
5.858009172944652, 0.01379498065583166, 1.171227317862157, 75277000000, 
5.858208459331669, 0.005595143639567368, 1.171516503234408, 75379000000, 
5.8571342248580045, -0.0029164936221596585, 1.1715567904756217, 75481000000, 
5.855064868383284, -0.010478636494616703, 1.171360503504864, 75583000000, 
5.852372200839223, -0.015873413395937064, 1.1709714196053675, 75685000000, 
5.849214058444233, -0.019502699796835426, 1.170443408511116, 75787000000, 
5.845637291142927, -0.022449698987655847, 1.1698149033617586, 75889000000, 
5.841672916313874, -0.025137140434532412, 1.1691016177267357, 75991000000, 
5.837279302492708, -0.027859962167395835, 1.1683059673299672, 76093000000, 
5.832399298559232, -0.030912059182138425, 1.1674234344910541, 76195000000, 
5.827009684829495, -0.034232058877377014, 1.166445885725429, 76297000000, 
5.8231325017338404, -0.030889322751305553, 1.1655027656748378, 76365000000, 
5.81690284125057, -0.0336894785964148, 1.164469668520927, 76467000000, 
5.810215388203604, -0.043057045100788706, 1.1633500487458677, 76569000000, 
5.8031199663093345, -0.04594291647078622, 1.1620158797175673, 76671000000, 
5.79566354072324, -0.048506158267880295, 1.1605999263490785, 76773000000, 
5.787873595270373, -0.05082123679653883, 1.1591104734868631, 76875000000, 
5.779785376004238, -0.052927215730006104, 1.15755483413319, 76977000000, 
5.771426142972494, -0.054824840992928614, 1.1559390076164737, 77079000000, 
5.762806156232854, -0.0565973992379476, 1.1542678450139723, 77181000000, 
5.7540323453934565, -0.05797932526345898, 1.1525509763065869, 77283000000, 
5.745353206255283, -0.05817649992523618, 1.1508127805254393, 77385000000, 
5.7366958520222155, -0.05778831123746997, 1.1490720935780636, 77487000000, 
5.727955530262193, -0.057992253310299446, 1.1473336392359792, 77589000000, 
5.719153615348442, -0.05847412224591212, 1.1455869998421901, 77691000000, 
5.710246519274961, -0.059030036624105144, 1.143823710992373, 77793000000, 
5.701191872092503, -0.05987247751979711, 1.1420394671143939, 77895000000, 
5.692009580452, -0.06078979607653837, 1.1402298647879643, 77997000000, 
5.685827484843978, -0.05121462416174912, 1.138601929159232, 78065000000, 
5.676470672283883, -0.05179636056038994, 1.1369538491719908, 78167000000, 
5.667039215302229, -0.06262756513916241, 1.135289158162006, 78269000000, 
5.657554147016405, -0.06305508422492778, 1.133404268973501, 78371000000, 
5.648023654912353, -0.06338520129958762, 1.1315078011487325, 78473000000, 
5.638447865944978, -0.0636876035714214, 1.1296017111915824, 78575000000, 
5.628832050121976, -0.06397201596792357, 1.1276869047319538, 78677000000, 
5.61917559363372, -0.06424090770419315, 1.1257637006467116, 78779000000, 
5.609474756190854, -0.06452431310374133, 1.1238321599964365, 78881000000, 
5.5997303148156865, -0.06481759606011235, 1.1218920443093507, 78983000000, 
5.589946174941511, -0.06509527083114068, 1.119943416396537, 79085000000, 
5.580125456144837, -0.0653495289028309, 1.117986796393469, 79187000000, 
5.5702713999993945, -0.06558258314038963, 1.1160228687390494, 79289000000, 
5.560386927391035, -0.06579509584600629, 1.1140522522356844, 79391000000, 
5.550474766150621, -0.0659887794959128, 1.1120755395694033, 79493000000, 
5.540536964630176, -0.06616654253619754, 1.1100932438781221, 79595000000, 
5.530575313483069, -0.06633150889183999, 1.1081058029509243, 79697000000, 
5.523921436956492, -0.055385092245613755, 1.1063355810046491, 79765000000, 
5.513921750520417, -0.05551187654217138, 1.1045612333973318, 79867000000, 
5.503899921790242, -0.06673838388749982, 1.1027828739511434, 79969000000, 
5.493825933574167, -0.06698605648750207, 1.1007765070589883, 80071000000, 
5.483527366132162, -0.06790851886026535, 1.0987502147664379, 80173000000, 
5.473222640701496, -0.06867764290890162, 1.096705062693855, 80275000000, 
5.462954484775046, -0.06857627119038885, 1.094646966107247, 80377000000, 
5.452701104666431, -0.06840512011688264, 1.0925918820095315, 80479000000, 
5.442494038559641, -0.0682014873846833, 1.090543308533408, 80581000000, 
5.4323204545774235, -0.06793550029669267, 1.0885010398535664, 80683000000, 
5.422141890837167, -0.06784049240824726, 1.0864637589316153, 80785000000, 
5.411959816668691, -0.06786879302910738, 1.0844281441388854, 80887000000, 
5.401778390004394, -0.06787833610924092, 1.0823920065006836, 80989000000, 
5.391598290629958, -0.0678717534624429, 1.0803557664868695, 81091000000, 
5.381431396475646, -0.06782331176249379, 1.078320538474, 81193000000, 
5.371292277757636, -0.06768670957440825, 1.0762881309908827, 81295000000, 
5.361188697534134, -0.06747566313837439, 1.0742608247844945, 81397000000, 
5.354474579428007, -0.05605899443209772, 1.072463703647985, 81465000000, 
5.344438026290626, -0.0558355708116931, 1.0706734202168509, 81567000000, 
5.3344402604944605, -0.06678106311182042, 1.0688901910808728, 81669000000, 
5.324477063541637, -0.06653654249663059, 1.066890356688448, 81771000000, 
5.314545512593607, -0.06631582633617701, 1.0648975224419803, 81873000000, 
5.304646788180204, -0.06610091787144334, 1.0629112909543632, 81975000000, 
5.294783862775708, -0.06587216605966617, 1.0609317442366346, 82077000000, 
5.284959531980355, -0.06562418733283042, 1.0589593455290842, 82179000000, 
5.275179265712737, -0.06534865687656932, 1.056994844031253, 82281000000, 
5.265448626470619, -0.06503635169911999, 1.055039161610914, 82383000000, 
5.2557725952619165, -0.0646889015027341, 1.0530933658296848, 82485000000, 
5.246170557591433, -0.06426022959728606, 1.0511594519549312, 82587000000, 
5.236566986556077, -0.0640186956861329, 1.0492340092939618, 82689000000, 
5.226949812711868, -0.06406914959854977, 1.0473124904572917, 82791000000, 
5.217347113988384, -0.06406624189230807, 1.0453909275504218, 82893000000, 
5.207753766413445, -0.06398682099474289, 1.0434700462075799, 82995000000, 
5.201368721431642, -0.05326130852247424, 1.0417646401222314, 83063000000, 
5.191815512120981, -0.05312751430821253, 1.0400625333310711, 83165000000, 
5.1823018715018465, -0.06355616643265154, 1.0383657403369646, 83267000000, 
5.17282932076509, -0.06328730451963693, 1.036463113625861, 83369000000, 
5.163397145405577, -0.06301575365423122, 1.0345685558448343, 83471000000, 
5.154004216837253, -0.06275034642612513, 1.0326820455338614, 83573000000, 
5.144643476857045, -0.06251222849510778, 1.030802989273325, 83675000000, 
5.135310093983489, -0.06231374284587865, 1.0289305191785192, 83777000000, 
5.12600281230379, -0.06213554851084879, 1.027063758876288, 83879000000, 
5.116721231909328, -0.061962873580535906, 1.0252022758797739, 83981000000, 
5.10746684952374, -0.06178654260016773, 1.0233460595824573, 84083000000, 
5.098242545628768, -0.06159562093520125, 1.0214953751374558, 84185000000, 
5.089051144025874, -0.0613856849928851, 1.019650702611892, 84287000000, 
5.079895300134485, -0.06115748498094339, 1.017812599319275, 84389000000, 
5.070777252437752, -0.06091297196040735, 1.0159815797732072, 84491000000, 
5.06171379559646, -0.06060501512674973, 1.0141590898779131, 84593000000, 
5.052549804833241, -0.06075815868170409, 1.0123360568578301, 84695000000, 
5.046396152227695, -0.051058811229216516, 1.0107106501771597, 84763000000, 
5.0371330975490896, -0.05138902428050448, 1.0090719369740018, 84865000000, 
5.02784924373157, -0.06182302832041723, 1.0074252329005569, 84967000000, 
5.018556231625206, -0.06192288641294397, 1.0055692381937245, 85069000000, 
5.009282463647972, -0.06188926694532526, 1.0037125292669833, 85171000000, 
5.000043248046247, -0.061709945263196765, 1.001858796221295, 85273000000, 
4.990831450560837, -0.06150337695711864, 1.0000104774836704, 85375000000, 
4.981642566476165, -0.06133560523360634, 0.9981678176722165, 85477000000, 
4.97247117650248, -0.061200913527856095, 0.9963296795692987, 85579000000, 
4.9633045337835116, -0.06112677564217961, 0.9944945517841437, 85681000000, 
4.954136680559159, -0.061114986477734945, 0.9926608260563433, 85783000000, 
4.944967970733685, -0.06112187683275631, 0.9908272790050904, 85885000000, 
4.935799186412978, -0.06112498048727192, 0.9889935891803883, 85987000000, 
4.92663294524777, -0.061116751619714194, 0.9871600068262955, 86089000000, 
4.91747308895798, -0.061086991516659715, 0.9853270147079152, 86191000000, 
4.908322465185812, -0.06103493353986226, 0.9834952332927709, 86293000000, 
4.90222797441978, -0.05081704846066515, 0.9818682352375715, 86361000000, 
4.893095601123473, -0.05075621354112769, 0.9802430693819377, 86463000000, 
4.883985447878615, -0.060808421803884016, 0.9786206015614579, 86565000000, 
4.8747925143274, -0.06101028932024614, 0.9767915708886326, 86667000000, 
4.865399506018454, -0.0619531395338709, 0.9749451645482979, 86769000000, 
4.855827898356113, -0.06321538657095616, 0.973067994580131, 86871000000, 
4.846105075667211, -0.0643147678374767, 0.9711554986694518, 86973000000, 
4.836256637364403, -0.06523753663903342, 0.9692126407591817, 87075000000, 
4.826295045910578, -0.06603343252211087, 0.9672437839294794, 87177000000, 
4.816264395351725, -0.06664080670892562, 0.9652544052417803, 87279000000, 
4.806183849490368, -0.06703732140069955, 0.9632495527168446, 87381000000, 
4.796071257492438, -0.06731045953095816, 0.9612346334889688, 87483000000, 
4.78593554793517, -0.06749433851732434, 0.9592127103278651, 87585000000, 
4.775794606804217, -0.06758883562740199, 0.957186760815455, 87687000000, 
4.7656577774822955, -0.06759256817624977, 0.9551591954814455, 87789000000, 
4.7555339875615505, -0.06753539747555475, 0.9531324247898708, 87891000000, 
4.745433097723033, -0.06741559919754299, 0.9511083241844586, 87993000000, 
4.738716625730456, -0.05605787277031501, 0.9493122474010025, 88061000000, 
4.728674251974861, -0.055862819160571085, 0.94752159836189, 88163000000, 
4.718676202072884, -0.06680141219190656, 0.9457378053185468, 88265000000, 
4.708729956786032, -0.06648098396276521, 0.9437386940555851, 88367000000, 
4.698843042215644, -0.06611053285746553, 0.9417499467383039, 88469000000, 
4.689023753511924, -0.06568734424702664, 0.9397731168342399, 88571000000, 
4.679276752464906, -0.06522096583579422, 0.9378095698794983, 88673000000, 
4.669607841245522, -0.06471970755467164, 0.9358605564814901, 88775000000, 
4.6600247457844395, -0.06417335560155557, 0.9339272892996577, 88877000000, 
4.650534830829722, -0.06357670138600113, 0.9320111611906456, 88979000000, 
4.641088498054903, -0.06312082576512168, 0.9301098716446041, 89081000000, 
4.631217474765135, -0.06439118688195578, 0.9281893869099841, 89183000000, 
4.62094828302287, -0.06713405010677558, 0.9262169503895272, 89285000000, 
4.610718170828745, -0.06833101312129959, 0.9241922619077835, 89387000000, 
4.600441502382909, -0.068355935466539, 0.922140530415635, 89489000000, 
4.5901995563830935, -0.06839538148550577, 0.9200906153063165, 89591000000, 
4.583393134865197, -0.056827891725704426, 0.9182689462420799, 89659000000, 
4.573254888630721, -0.05648222584124044, 0.9164565053252676, 89761000000, 
4.563092851133852, -0.06766761243781616, 0.9146493916419848, 89863000000, 
4.552914360112999, -0.06780176172574019, 0.9126174733251716, 89965000000, 
4.542721086631499, -0.06790588167451261, 0.9105818865252234, 90067000000, 
4.532531208011536, -0.06794384033821228, 0.9085444436504023, 90169000000, 
4.522282837712652, -0.06812749639615608, 0.9065023421570457, 90271000000, 
4.512033457546603, -0.06832583488310877, 0.9044565002180526, 90373000000, 
4.501793114091729, -0.06829907873640906, 0.9024072939567324, 90475000000, 
4.491559186116308, -0.06824757143431744, 0.9003590505169761, 90577000000, 
4.481342832569071, -0.06816760507552644, 0.8983130088518072, 90679000000, 
4.471148607291725, -0.0680352627486099, 0.8962700417318068, 90781000000, 
4.460966014607614, -0.06792272653819136, 0.8942304969645607, 90883000000, 
4.450794483444161, -0.0678470794918784, 0.8921939403562332, 90985000000, 
4.440594675598447, -0.06790446336388811, 0.8901570115766815, 91087000000, 
4.430455013836125, -0.06779823202678632, 0.8881229448585822, 91189000000, 
4.4204210276892475, -0.06724549303066614, 0.8860980478082546, 91291000000, 
4.4137750519855485, -0.05559987283525617, 0.884310072900728, 91359000000, 
4.4038638906158925, -0.05519045691118348, 0.8825373313527125, 91461000000, 
4.394016147160514, -0.06586301608344947, 0.8807770059841303, 91563000000, 
4.384208455927247, -0.0655181156288176, 0.8788058995802435, 91665000000, 
4.374414571856072, -0.06533858434814022, 0.8768426116629221, 91767000000, 
4.364642798392572, -0.06521885844891588, 0.8748843884117261, 91869000000, 
4.354900336988744, -0.06504744955775799, 0.872930513815826, 91971000000, 
4.3451893634472265, -0.06484478315115301, 0.8709821665885696, 92073000000, 
4.335523972210569, -0.06458788259391686, 0.8690409115097694, 92175000000, 
4.32591477571387, -0.0642486257778548, 0.867108540758111, 92277000000, 
4.316363549763079, -0.0638680748249687, 0.8651868198458345, 92379000000, 
4.306871420980401, -0.06347784911156396, 0.8632766497638231, 92481000000, 
4.297438081821737, -0.06308489313780659, 0.8613782035043477, 92583000000, 
4.288061004703407, -0.06270138758997845, 0.8594913671670364, 92685000000, 
4.278738480795577, -0.062332003420531024, 0.8576158378213814, 92787000000, 
4.2694716570687055, -0.06196449211567293, 0.8557514095045126, 92889000000, 
4.263326211225142, -0.051374231901449484, 0.8541024232726284, 92957000000, 
4.254168150270832, -0.0510116893262443, 0.8524644012376453, 93059000000, 
4.245012397183643, -0.06104604680499707, 0.8508337839119745, 93161000000, 
4.235646581648235, -0.061738562075322655, 0.8489884752735141, 93263000000, 
4.226101320048799, -0.06303692378281471, 0.8471173532587118, 93365000000, 
4.21640238963948, -0.06414730669585052, 0.8452100194224342, 93467000000, 
4.206573197868255, -0.06509374060181372, 0.8432717938371023, 93569000000, 
4.196626409796119, -0.06591993281120405, 0.841306799820257, 93671000000, 
4.186608020982776, -0.06655058961826239, 0.8393205085764766, 93773000000, 
4.176538335078087, -0.06696024906010696, 0.8373181843904655, 93875000000, 
4.166431424940713, -0.06725532014021003, 0.835305185400105, 93977000000, 
4.156301647921401, -0.06745562385561972, 0.8332847605293467, 94079000000, 
4.146160309866422, -0.06757038358096897, 0.8312595588485691, 94181000000, 
4.136015083023674, -0.06762188299242429, 0.8292318027207665, 94283000000, 
4.125873794905328, -0.06762171653698228, 0.8272032791863616, 94385000000, 
4.115744667385936, -0.06756805212579191, 0.8251755696876625, 94487000000, 
4.105635513548879, -0.0674609378548278, 0.8231502650560095, 94589000000, 
4.0989111698069705, -0.05611165859655228, 0.8213527567161191, 94657000000, 
4.088850838341771, -0.05594891735702786, 0.8195598347798414, 94759000000, 
4.078828241808785, -0.06694309332728447, 0.8177726833305018, 94861000000, 
4.068849136493672, -0.06667233949366451, 0.8157685477762818, 94963000000, 
4.05891979228259, -0.06636149842064991, 0.8137731447056699, 95065000000, 
4.049048760290333, -0.06600125401112915, 0.811787845937773, 95167000000, 
4.039240880890392, -0.06559637130732672, 0.8098139622308878, 95269000000, 
4.029502524164407, -0.06515412041975328, 0.8078528110230089, 95371000000, 
4.01977244665302, -0.06489478079124034, 0.8059010567805213, 95473000000, 
4.009636963621001, -0.06621853514468572, 0.8039274622958952, 95575000000, 
3.9992835958369763, -0.06829616938681227, 0.8019128670740664, 95677000000, 
3.9890133509118355, -0.06874537569721895, 0.7998622606913208, 95779000000, 
3.9787350297352044, -0.06849522033923972, 0.797802131765601, 95881000000, 
3.9685167865392694, -0.06832188124188694, 0.795751011145754, 95983000000, 
3.958356802206437, -0.0679274250958913, 0.7937072412320607, 96085000000, 
3.948196207480616, -0.06773526352884456, 0.7916713197484215, 96187000000, 
3.9380193777052845, -0.06779141500384167, 0.7896381591594892, 96289000000, 
3.931228759690555, -0.056558159300204025, 0.7878296229917637, 96357000000, 
3.9210337974745184, -0.05661860076922043, 0.7860187956580238, 96459000000, 
3.9108080687896085, -0.06806896966982112, 0.7842047083969788, 96561000000, 
3.9005687497288632, -0.06821682581885054, 0.782160707732866, 96663000000, 
3.8903355948795335, -0.06824157970025002, 0.7801141608932004, 96765000000, 
3.8801143231835318, -0.06818142181777158, 0.7780679111861286, 96867000000, 
3.869909918123503, -0.06808558918676895, 0.7760239890791045, 96969000000, 
3.859726109324327, -0.06796071286401546, 0.7739833567087575, 97071000000, 
3.8495578296365, -0.06784029495667661, 0.7719462571389554, 97173000000, 
3.8394007255115725, -0.06775127937584872, 0.7699123109648266, 97275000000, 
3.8292537468471726, -0.06768027596442423, 0.7678808201330163, 97377000000, 
3.819116336198267, -0.06761463104435113, 0.7658513872371342, 97479000000, 
3.809044604468477, -0.06736380792898473, 0.7638276458342612, 97581000000, 
3.7989741858261636, -0.06714050124034514, 0.7618090084328605, 97683000000, 
3.788862325925825, -0.06727426180884066, 0.7597920744146978, 97785000000, 
3.7787373093852032, -0.06745625480320132, 0.7577715880758127, 97887000000, 
3.771986957305322, -0.05625122873500921, 0.7559724395077566, 97955000000, 
3.761863552247339, -0.0562458571262144, 0.7541725212625242, 98057000000, 
3.751726195431585, -0.06753587291245793, 0.752371780332283, 98159000000, 
3.74158764608768, -0.06758635386553043, 0.7503451595844401, 98261000000, 
3.7314582095912603, -0.06755995280108174, 0.7483181367407017, 98363000000, 
3.7213426930793, -0.06748317669459898, 0.746292569917216, 98465000000, 
3.711242130296311, -0.06738693098316428, 0.7442695355311247, 98567000000, 
3.701164831917746, -0.06725953720517985, 0.7422499770195572, 98669000000, 
3.691115681046896, -0.06708816416471623, 0.7402348428840635, 98771000000, 
3.6810956104195736, -0.06689740499390862, 0.7382250748922811, 98873000000, 
3.671105663363165, -0.06670005894577002, 0.7362211303219757, 98975000000, 
3.661146227502286, -0.0664979430576255, 0.734223166752335, 99077000000, 
3.6512161133703738, -0.06629849997597119, 0.7322312002823883, 99179000000, 
3.641314234253131, -0.06610664416384952, 0.730245105008386, 99281000000, 
3.6314408517633177, -0.06591753869018706, 0.7282647466257881, 99383000000, 
3.62159709818438, -0.0657237868958364, 0.7262901456133887, 99485000000, 
3.6150519047441847, -0.05462982339710987, 0.7245393236461255, 99553000000, 
3.605262503341063, -0.054448649477724466, 0.7227941004179752, 99655000000, 
3.5955095716998375, -0.06514111014782387, 0.7210549319856723, 99757000000, 
3.585783193892394, -0.06493103149556312, 0.719103684595553, 99859000000, 
3.575748702576066, -0.06586956374590465, 0.7171360978778866, 99961000000, 
3.5654705557752124, -0.06770879372393808, 0.7151334968162448, 100063000000, 
3.5552317606220987, -0.0683898065132249, 0.7130967345982251, 100165000000, 
3.5449584732873345, -0.06837360829292649, 0.7110440526456431, 100267000000, 
3.53470860707735, -0.0684105118158292, 0.7089932560657856, 100369000000, 
3.5245110742468304, -0.06815799680168026, 0.7069452103074343, 100471000000, 
3.514324620930405, -0.06794662048981603, 0.7049029534836391, 100573000000, 
3.504125943777308, -0.06795043489840798, 0.7028641092636363, 100675000000, 
3.493920954498905, -0.06801222143833385, 0.7008247679471078, 100777000000, 
3.4837021237100334, -0.0680794002242487, 0.6987832681324164, 100879000000, 
3.4734689331577946, -0.06817340447036783, 0.6967394674244488, 100981000000, 
3.4632355949384253, -0.06822176257202717, 0.6946937767870836, 101083000000, 
3.4530148769919498, -0.06818018721948278, 0.6926479603392113, 101185000000, 
3.4462116763408037, -0.05674639532540512, 0.6908308098847453, 101253000000, 
3.4360285863817843, -0.056620968700551444, 0.6890170093143024, 101355000000, 
3.425872668523222, -0.06779669272527193, 0.6872075287497207, 101457000000, 
3.415741175870496, -0.06762470170429413, 0.6851761620517002, 101559000000, 
3.405630569449826, -0.0674736635779875, 0.6831496275895697, 101661000000, 
3.395539882341126, -0.06733764509790093, 0.6811274418440965, 101763000000, 
3.385471482035399, -0.06719695804808949, 0.6791094622550901, 101865000000, 
3.3754270601430107, -0.06704274066038352, 0.6770958949679691, 101967000000, 
3.365412398266134, -0.06686361256421709, 0.6750873960296362, 102069000000, 
3.355500232637444, -0.06642275835188875, 0.6730893127364392, 102171000000, 
3.3455216539303354, -0.06630248111932839, 0.6710956189889276, 102273000000, 
3.3354770044165347, -0.06674409406969802, 0.6690999260656211, 102375000000, 
3.325393261750903, -0.06709464059810728, 0.6670927946731848, 102477000000, 
3.31527538266156, -0.06733873918324917, 0.6650763765885997, 102579000000, 
3.3051454788439787, -0.06749260968974842, 0.6630542748837628, 102681000000, 
3.2949853755347305, -0.06763335708943163, 0.6610270824693513, 102783000000, 
3.2848264365822275, -0.06773014087250395, 0.6589971527307291, 102885000000, 
3.278056549889686, -0.056429418816814625, 0.6571912241337763, 102953000000, 
3.267904837693567, -0.05640532962886802, 0.6553858549443654, 103055000000, 
3.257763909156945, -0.06764213577580354, 0.6535816864493464, 103157000000, 
3.2476459114320093, -0.06752975420519262, 0.6515543105521681, 103259000000, 
3.2375571500550793, -0.06735586367288586, 0.6495311313762689, 103361000000, 
3.2274958835844623, -0.06716675949182349, 0.6475132630047701, 103463000000, 
3.217467517622816, -0.06696544144087824, 0.6455013700841571, 103565000000, 
3.207474701140163, -0.06673727481433023, 0.6434958734898295, 103667000000, 
3.197516575652079, -0.06650313990245553, 0.6414972529610039, 103769000000, 
3.1875919576645084, -0.06627581158551592, 0.6395055489637833, 103871000000, 
3.1777015116244387, -0.06605021342546813, 0.6375206696627351, 103973000000, 
3.167846804238963, -0.06581717808515168, 0.6355426849018606, 104075000000, 
3.158030211316076, -0.06557100102787612, 0.6335719018119652, 104177000000, 
3.14825557676152, -0.06530409159147599, 0.6316088394877705, 104279000000, 
3.1385276105965696, -0.0650086690650209, 0.6296542265782777, 104381000000, 
3.128772672186546, -0.06494301524991346, 0.6277037239696424, 104483000000, 
3.1185934850222083, -0.06644708524787084, 0.6257262511870216, 104585000000, 
3.1116781956483512, -0.05698158846064949, 0.6239362901904736, 104653000000, 
3.1014115838142073, -0.057273004026670016, 0.6221122176323177, 104755000000, 
3.0911239335701564, -0.06851420692731629, 0.620280914202181, 104857000000, 
3.0808684240115274, -0.06847719934226652, 0.6182269294263927, 104959000000, 
3.070711541156838, -0.06804130804439386, 0.6161802599159015, 105061000000, 
3.0605362545358776, -0.06777389825216584, 0.6141410813136161, 105163000000, 
3.0503486062228418, -0.06787644977998812, 0.6121064267943706, 105265000000, 
3.04015844690392, -0.06792602543985875, 0.6100695538441759, 105367000000, 
3.0299488946355324, -0.06799903862436452, 0.6080303965174864, 105469000000, 
3.019719679299798, -0.06812922534707333, 0.6059884680559501, 105571000000, 
3.0094924776801864, -0.06818805651782019, 0.6039440701077011, 105673000000, 
2.999278246604367, -0.06813810898476991, 0.6018993602389567, 105775000000, 
2.9890845593406166, -0.06802639446523262, 0.5998570189083448, 105877000000, 
2.9789183301756186, -0.06786638809582819, 0.5978187424080401, 105979000000, 
2.9687778612383626, -0.0676889936741798, 0.5957853833836397, 106081000000, 
2.95865743610977, -0.06753631355282803, 0.5937569085015835, 106183000000, 
2.951920140491237, -0.056192402490418125, 0.5919570291892914, 106251000000, 
2.9418275192355585, -0.05609972291403883, 0.5901603397224378, 106353000000, 
2.931750617644437, -0.06723174282266726, 0.5883665518247487, 106455000000, 
2.9217063162503725, -0.06707067661728683, 0.5863522968753578, 106557000000, 
2.9117232584228097, -0.06675786407209117, 0.584345346154508, 106659000000, 
2.901655672185211, -0.06683548021720516, 0.5823390164572262, 106761000000, 
2.8915515178621605, -0.06723913520216396, 0.5803286965646788, 106863000000, 
2.881432317087907, -0.06741118365768035, 0.5783093004756852, 106965000000, 
2.8713034080747644, -0.06749369929132036, 0.5762858162016554, 107067000000, 
2.861146911737417, -0.0676180178349665, 0.5742588424600058, 107169000000, 
2.850991651190329, -0.0677058562814518, 0.5722294647335007, 107271000000, 
2.8408410229288363, -0.06768629602860177, 0.5701986390571054, 107373000000, 
2.830696038267284, -0.06765204307681572, 0.5681685808257633, 107475000000, 
2.8205650607640638, -0.06758654054924189, 0.5661401414640124, 107577000000, 
2.810456558652928, -0.06746493204785302, 0.5641145105122851, 107679000000, 
2.8003735669340712, -0.06730497943330842, 0.5620930124234041, 107781000000, 
2.7903188098038427, -0.0671258294969516, 0.5600765956927228, 107883000000, 
2.783633160181817, -0.055801355840846924, 0.5582883691279821, 107951000000, 
2.7736318548073164, -0.055623183321754276, 0.5565055883195318, 108053000000, 
2.7636621766501324, -0.06656994510561602, 0.5547284794426177, 108155000000, 
2.753723759788114, -0.0663603167306744, 0.5527345194163709, 108257000000, 
2.743817069221141, -0.06615035809663716, 0.5507468670439591, 108359000000, 
2.7339448915752538, -0.06592956070953448, 0.548765714705634, 108461000000, 
2.7241073378442713, -0.06569910458956645, 0.5467912865760444, 108563000000, 
2.714306483204028, -0.06546136123741923, 0.5448239141749036, 108665000000, 
2.704546287704457, -0.06520350046604821, 0.5428640072501838, 108767000000, 
2.6948304442240842, -0.06492012993314589, 0.5409122143421713, 108869000000, 
2.685107776408419, -0.06479503765346006, 0.5389656338891307, 108971000000, 
2.674982516420537, -0.06615975934515757, 0.536994715803536, 109073000000, 
2.6646681845766182, -0.06813197277266851, 0.5349838984937049, 109175000000, 
2.654405716854922, -0.06858933188538252, 0.5329370945234718, 109277000000, 
2.6441276998088474, -0.06846828255923605, 0.5308801067493591, 109379000000, 
2.633892253544453, -0.06837821103489776, 0.5288283780138814, 109481000000, 
2.6237121990871004, -0.06805166907249009, 0.5267821434960267, 109583000000, 
2.6169326001397213, -0.056532178015772004, 0.5249691368514183, 109651000000, 
2.606744989292907, -0.05655736598064435, 0.5231593192346485, 109753000000, 
2.596543908632948, -0.0679623050225775, 0.5213480998710385, 109855000000, 
2.5863350827997227, -0.06803302164394805, 0.5193082653817052, 109957000000, 
2.576101140203046, -0.06814256143300668, 0.5172653421090477, 110059000000, 
2.5658684179663602, -0.0682222161112082, 0.515220309397942, 110161000000, 
2.555648729994888, -0.06817470069386082, 0.5131745525442863, 110263000000, 
2.5454477087320084, -0.06806903078117266, 0.511130990446217, 110365000000, 
2.535271765293599, -0.06792321567096267, 0.5090912136013663, 110467000000, 
2.525121491132147, -0.0677540586662051, 0.5070560643438503, 110569000000, 
2.514990642033024, -0.06760374420191617, 0.5050255932305847, 110671000000, 
2.504876763527329, -0.06748242534939368, 0.5029992597795, 110773000000, 
2.4947793130088503, -0.06737109674724628, 0.5009764479046135, 110875000000, 
2.484699095162928, -0.067258894548002, 0.49895701144660715, 110977000000, 
2.47463961634718, -0.0671323222055668, 0.49694120163459726, 111079000000, 
2.464597613859033, -0.0670049376796511, 0.4949290883579427, 111181000000, 
2.4579205753528286, -0.055730136647838734, 0.4931438537039361, 111249000000, 
2.4479897008809757, -0.05535970992685731, 0.4913671926728558, 111351000000, 
2.438148103050563, -0.0659082410075514, 0.4896038919522912, 111453000000, 
2.4283606959554835, -0.0654300164183071, 0.4876332333258015, 111555000000, 
2.418629410727855, -0.06506230774236066, 0.48567588064892675, 111657000000, 
2.4089368074113455, -0.06474629514712671, 0.4837284609396456, 111759000000, 
2.399267067132781, -0.06454114531691275, 0.4817888856847987, 111861000000, 
2.3896232879938766, -0.06437839805822983, 0.47985514416920017, 111963000000, 
2.3800139013348343, -0.06417721932648963, 0.4779269504307661, 112065000000, 
2.3704425087083805, -0.06393593095165369, 0.47600531320247275, 112167000000, 
2.360917763701889, -0.06365379210981754, 0.47409161158300694, 112269000000, 
2.3514469852847704, -0.06331841141203369, 0.47218715051300264, 112371000000, 
2.342032883833221, -0.06294959956222683, 0.4702931755213253, 112473000000, 
2.3326765144710917, -0.06256823604559554, 0.46841042557260554, 112575000000, 
2.323377327946361, -0.06218518628953321, 0.4665391150833782, 112677000000, 
2.3141342581163666, -0.06180752118241687, 0.46467920670225465, 112779000000, 
2.308003278325097, -0.051246832070879954, 0.4630343242925216, 112847000000, 
2.298854525205526, -0.05093244303613501, 0.461399470776466, 112949000000, 
2.2897654895428046, -0.0607926292743081, 0.45977488620489515, 113051000000, 
2.2807485729944874, -0.06035317403679574, 0.45795790584952123, 113153000000, 
2.2717127367447714, -0.06017584266011067, 0.4561484532854709, 113255000000, 
2.262457871269537, -0.06096900574983503, 0.4543279454005864, 113357000000, 
2.2530113581021443, -0.06233792880875703, 0.45247879774109684, 113459000000, 
2.24339966423369, -0.06352735678615644, 0.4505912595736914, 113561000000, 
2.2336459763197865, -0.06455127260785935, 0.4486704665770414, 113663000000, 
2.223762266389807, -0.06545799281294358, 0.44672052712955224, 113765000000, 
2.2137947590910967, -0.06617072409563256, 0.4447468667867127, 113867000000, 
2.203764432596547, -0.0666594459775327, 0.44275476387183005, 113969000000, 
2.193686569194915, -0.06702729965393968, 0.4407497173921706, 114071000000, 
2.183576591765601, -0.06729280276982053, 0.4387351729038041, 114173000000, 
2.1734473449021507, -0.06746408097588012, 0.4367140337241777, 114275000000, 
2.1633075984724757, -0.06756331097708419, 0.43468876900934844, 114377000000, 
2.1531663552919422, -0.06760329870069508, 0.43266141991110457, 114479000000, 
2.1464095592617523, -0.05632679736907805, 0.4308589008684114, 114547000000, 
2.13628672748219, -0.05626542603250684, 0.42905750946905896, 114649000000, 
2.1261862022235203, -0.0674111901274399, 0.4272588325978308, 114751000000, 
2.1161159143964516, -0.06723604361912845, 0.4252392562734775, 114853000000, 
2.1060841392023364, -0.06700687673727963, 0.4232257503881539, 114955000000, 
2.0960998110635223, -0.06672034444309786, 0.4212199909774874, 115057000000, 
2.0861685216692396, -0.06638539177698928, 0.41922349812900656, 115159000000, 
2.0762967896138895, -0.06601007149877584, 0.4172376748231101, 115261000000, 
2.066492811772858, -0.06558569965460521, 0.4152638748703991, 115363000000, 
2.0567646825882524, -0.06510702341879042, 0.4133036189316666, 115465000000, 
2.047052858647564, -0.06479984375098002, 0.4113540235339117, 115567000000, 
2.036937068320702, -0.0660920475585014, 0.4093836406371012, 115669000000, 
2.0265749206709596, -0.06825979325534821, 0.4073709898426151, 115771000000, 
2.0163005849263467, -0.06878827798118436, 0.4053208382612006, 115873000000, 
2.0060184549061133, -0.06852155254948755, 0.4032595973668947, 115975000000, 
1.9957990042193239, -0.06833860235674265, 0.4012078696034522, 116077000000, 
1.9890086764776826, -0.056699261428102186, 0.399388409040208, 116145000000, 
1.9788740550585446, -0.05641649720259748, 0.39757878238370337, 116247000000, 
1.9687045737413857, -0.06768034245432301, 0.39577248701850753, 116349000000, 
1.958515390366444, -0.06786221564033523, 0.3937396012777583, 116451000000, 
1.9483097500584452, -0.06798274560980182, 0.3917019809444183, 116553000000, 
1.938099744795313, -0.06805215190377023, 0.38966165901468014, 116655000000, 
1.9278529370380368, -0.06818937673469454, 0.387617495459453, 116757000000, 
1.917617426104274, -0.06827439563679667, 0.38557134052917497, 116859000000, 
1.9074006650640454, -0.06817423991330489, 0.3835247352137571, 116961000000, 
1.8972006904276826, -0.06805578558863805, 0.3814812521064001, 117063000000, 
1.8870242971041866, -0.06792122653286252, 0.37944171017306094, 117165000000, 
1.8768698926024936, -0.06776932608396329, 0.37740632534229085, 117267000000, 
1.8667274920953445, -0.06765601669614041, 0.3753747787868016, 117369000000, 
1.8565963894636057, -0.0675783437962929, 0.37334625161076296, 117471000000, 
1.8465230117790563, -0.06734826772096063, 0.3713231262225338, 117573000000, 
1.8364609224955977, -0.06711822322669352, 0.369305354915884, 117675000000, 
1.826350247440973, -0.06724254779361116, 0.3672889454477085, 117777000000, 
1.819597570668266, -0.05621117275777188, 0.36549391604032244, 117845000000, 
1.8094656834736325, -0.05628187989113501, 0.3636942334388581, 117947000000, 
1.7993330869821584, -0.06754827895369224, 0.3618930894082705, 118049000000, 
1.7891824390956341, -0.06761081459332778, 0.35986541397009497, 118151000000, 
1.779031248783493, -0.06767279399555164, 0.357836451657419, 118253000000, 
1.7688904389266298, -0.0676400005633478, 0.35580694178705047, 118355000000, 
1.7587557274824217, -0.0675850710035708, 0.3537784943461696, 118457000000, 
1.748633151664878, -0.06752429087250562, 0.35175195453826197, 118559000000, 
1.738531516206411, -0.06741403758670235, 0.349728026356914, 118661000000, 
1.7284533781443407, -0.06726591173512449, 0.3477078697343753, 118763000000, 
1.7183995075528846, -0.06710669551175459, 0.34569229346024244, 118865000000, 
1.7083718163132304, -0.06693853943703439, 0.343681646800697, 118967000000, 
1.6983706854119074, -0.0667627404699241, 0.34167613395186813, 119069000000, 
1.688395185930388, -0.06658876794280788, 0.3396758458437017, 119171000000, 
1.6784447935344549, -0.06641963959150843, 0.3376807109917834, 119273000000, 
1.66851968421201, -0.06625167239459347, 0.33569064424512357, 119375000000, 
1.6586207964417838, -0.0660799903089034, 0.33370568494588326, 119477000000, 
1.6520368695376646, -0.054942715581151415, 0.3319451566794306, 119545000000, 
1.6421862662309152, -0.05478176736956201, 0.33018959548069093, 119647000000, 
1.632368427438269, -0.06556147366465186, 0.3284394375471233, 119749000000, 
1.6225859627819628, -0.06533434482984157, 0.3264760437634098, 119851000000, 
1.6127685465124395, -0.06533293641943179, 0.32451486244884475, 119953000000, 
1.6025522711175384, -0.06677897221474789, 0.32252711869412937, 120055000000, 
1.5922067998024358, -0.06853915570001219, 0.3205018411621609, 120157000000, 
1.581931557927958, -0.06873571063193455, 0.3184460419231955, 120259000000, 
1.5716596844393054, -0.06849038454376825, 0.3163865361446466, 120361000000, 
1.561441708452592, -0.0682994982512201, 0.31433553005465703, 120463000000, 
1.5512779135476609, -0.06793923630548167, 0.3122919537626372, 120565000000, 
1.5411039484743556, -0.06779253326078798, 0.31025490469830724, 120667000000, 
1.5309212780716792, -0.06785545158660551, 0.3082202093395797, 120769000000, 
1.5207265530233824, -0.0679246515032439, 0.30618345197129443, 120871000000, 
1.5105156646641116, -0.06801871135855879, 0.30414423305061156, 120973000000, 
1.500295656338477, -0.06810298894968463, 0.30210252493506473, 121075000000, 
1.4934856960282226, -0.05676656211963005, 0.30028646780205404, 121143000000, 
1.4832848017855056, -0.05670284850990489, 0.29847107694348035, 121245000000, 
1.4731104725919482, -0.06791741145424801, 0.2966587313603784, 121347000000, 
1.4629682995784241, -0.06772167402360492, 0.2946242382637252, 121449000000, 
1.4528565095668091, -0.0675132100837968, 0.2925956854491454, 121551000000, 
1.4427718912014484, -0.06732136125658557, 0.2905731133564454, 121653000000, 
1.4327092881926469, -0.06715740458054083, 0.288555845930727, 121755000000, 
1.4226666680356512, -0.06701741055265738, 0.28654318982864974, 121857000000, 
1.412645199154739, -0.06688029679302598, 0.2845347436922025, 121959000000, 
1.402648763566728, -0.06672634822974421, 0.28253070871714125, 122061000000, 
1.3927378301800295, -0.06635789658236524, 0.2805354528600998, 122163000000, 
1.3827764298084742, -0.0662411125275127, 0.27854420157034876, 122265000000, 
1.3727400790838904, -0.06665917032046369, 0.276550289271493, 122367000000, 
1.3626603709861376, -0.0670535294077886, 0.2745451253252335, 122469000000, 
1.3525435463019717, -0.06732177593972895, 0.2725295997581333, 122571000000, 
1.3423996168573868, -0.06753584709583575, 0.2705069022763664, 122673000000, 
1.3322342611582834, -0.06769761714562783, 0.26847849495450943, 122775000000, 
1.3254543927510185, -0.05648408035456113, 0.2666725513844459, 122843000000, 
1.3152847320279029, -0.056498430434601676, 0.2648648923958137, 122945000000, 
1.3051190586599148, -0.06778444697034554, 0.2630572122292557, 123047000000, 
1.2949649268294376, -0.06773268399488404, 0.261024581167817, 123149000000, 
1.2848300297601012, -0.06763009633271218, 0.2589942676832969, 123251000000, 
1.2747190649894002, -0.06748620613345802, 0.2569676014385959, 123353000000, 
1.2646317204711437, -0.06732769762985831, 0.2549453876813763, 123455000000, 
1.254572620648916, -0.0671548144682806, 0.252928227073964, 123557000000, 
1.2445440633409788, -0.06695885710054972, 0.25091656029740256, 123659000000, 
1.2345459263465224, -0.06675564767464559, 0.24891084068909447, 123761000000, 
1.2245781940637173, -0.06655289759087173, 0.2469112122500812, 123863000000, 
1.214642409621299, -0.06634505575074427, 0.24491776866876924, 123965000000, 
1.2047407883714583, -0.06612468564086334, 0.24293075947043163, 124067000000, 
1.1948763926264316, -0.06588672331622487, 0.24095063937461259, 124169000000, 
1.1850533956982972, -0.06562464224387037, 0.23897803844641244, 124271000000, 
1.1752766645329555, -0.06533242697825366, 0.23701376352384562, 124373000000, 
1.1687868071540493, -0.05422196181415965, 0.2352744578256868, 124441000000, 
1.1590850163181277, -0.05397216071609293, 0.2335432325336755, 124543000000, 
1.1490831940655823, -0.0656787102948897, 0.23179700116918392, 124645000000, 
1.1387329919519076, -0.0678400812207336, 0.22979341348904114, 124747000000, 
1.1284656314058161, -0.0687252088658874, 0.22775212116155372, 124849000000, 
1.1181772992121444, -0.0685189757992107, 0.22569172817132455, 124951000000, 
1.1079329592874767, -0.06844224039446474, 0.22363839266036245, 125053000000, 
1.0977591015506758, -0.06806065887156192, 0.22159129067001979, 125155000000, 
1.0875929502589154, -0.06780003009520419, 0.21955233407313784, 125257000000, 
1.0774134938175652, -0.06781869244370187, 0.21751770304181045, 125359000000, 
1.0672157268165445, -0.0679240781412364, 0.21548147805953502, 125461000000, 
1.0570013440991561, -0.06804049906136367, 0.2134420376488844, 125563000000, 
1.0467681519301562, -0.06815858295462791, 0.21139901485639045, 125665000000, 
1.0365320188000666, -0.06823108433029838, 0.2093534343219586, 125767000000, 
1.0263112883069545, -0.06818954541067217, 0.20730743060247847, 125869000000, 
1.0161176740747335, -0.06804781575111034, 0.20526406541211697, 125971000000, 
1.0059564315476839, -0.06784952253090208, 0.20322569292862483, 126073000000, 
0.9991991450838833, -0.05639509663616741, 0.2014182167137534, 126141000000, 
0.9890889862577738, -0.056224817633033775, 0.19961630419262275, 126243000000, 
0.9790030062901564, -0.06732046264575649, 0.19781940917545424, 126345000000, 
0.9689386688584551, -0.06716772466439536, 0.195802044093759, 126447000000, 
0.9588963430808694, -0.06702221069762333, 0.19378920121529872, 126549000000, 
0.9488827711914388, -0.06685299222338774, 0.1917811855420509, 126651000000, 
0.9389071050803517, -0.06663079333505888, 0.18977908129017731, 126753000000, 
0.9289652053285805, -0.0663918862095277, 0.1877836721066914, 126855000000, 
0.9191310406828376, -0.06592021465838038, 0.185800223406118, 126957000000, 
0.909372957129571, -0.06530749399669837, 0.18383128020939926, 127059000000, 
0.899682649504662, -0.06482797059391847, 0.18187910982113803, 127161000000, 
0.8900640694361583, -0.06436295897804219, 0.17994131173802608, 127263000000, 
0.8804986411216829, -0.06394669460993059, 0.17801635733750018, 127365000000, 
0.8709708823364279, -0.06364395699910134, 0.17610223952628462, 127467000000, 
0.8614906835244315, -0.0633598586575046, 0.1741973471321695, 127569000000, 
0.8520640163928225, -0.06302288647868488, 0.1723017054835788, 127671000000, 
0.8426965761957018, -0.06264702442909886, 0.1704167517408637, 127773000000, 
0.8364902972221164, -0.05191239723568682, 0.16875005932070938, 127841000000, 
0.8272448346078051, -0.05150580529298917, 0.1670954472017082, 127943000000, 
0.8180821645845272, -0.06136044212529742, 0.16545448642762992, 128045000000, 
0.8090051904742867, -0.060798813778394724, 0.16362214597777458, 128147000000, 
0.8000164239869733, -0.06021913532517983, 0.1618069186030525, 128249000000, 
0.7911178117181927, -0.0596245958536464, 0.16000929507863018, 128351000000, 
0.782311906020931, -0.05901505988680741, 0.1582297427817398, 128453000000, 
0.7736022811120825, -0.058385102020367396, 0.15646879992341373, 128555000000, 
0.7649954227354205, -0.05772161095170166, 0.15472730732456227, 128657000000, 
0.7565135448508444, -0.05696245420412693, 0.15300741657988984, 128759000000, 
0.7478759195175066, -0.05706501072637963, 0.1512923258069181, 128861000000, 
0.7390210030681519, -0.05830847260897517, 0.14956069782910017, 128963000000, 
0.7299575808046347, -0.059727795709573206, 0.14779030022601955, 129065000000, 
0.7207009077911523, -0.06106698425666542, 0.14597863277759593, 129167000000, 
0.7112681201419866, -0.06229820220882698, 0.14412844058251822, 129269000000, 
0.7016759933603869, -0.06341638143588457, 0.14224300141956836, 129371000000, 
0.6919704051872703, -0.0643257165157211, 0.14032763457930958, 129473000000, 
0.6854474829021885, -0.05409503486066133, 0.13860625876332303, 129541000000, 
0.6755952700228997, -0.05458378388123538, 0.13686754387415723, 129643000000, 
0.6656751592546452, -0.06590774549181111, 0.13511452747864888, 129745000000, 
0.6556995580326807, -0.06631903996739667, 0.13313133248734837, 129847000000, 
0.6456784348445201, -0.06665574803375003, 0.13113687680878972, 129949000000, 
0.6356148840270383, -0.06694891335214133, 0.1291328584602826, 130051000000, 
0.6255166367770121, -0.06720599355836021, 0.12712066370990469, 130153000000, 
0.6153940115120842, -0.06740290838318026, 0.12510170215440897, 130255000000, 
0.6052553042311507, -0.06753777515287125, 0.12307773016801644, 130357000000, 
0.5951094681271157, -0.06761514461656144, 0.1210505855913567, 130459000000, 
0.5849655403501071, -0.06763254627014548, 0.1190220208472249, 130561000000, 
0.5748322421934218, -0.06759075311231322, 0.1169938167113763, 130663000000, 
0.5647181001039283, -0.0674914674872625, 0.11496772550983048, 130765000000, 
0.5546321051867088, -0.06733379002237656, 0.11294549649893725, 130867000000, 
0.5445838728794897, -0.06711409074812862, 0.11092893854467513, 130969000000, 
0.5379045151716505, -0.05575863338352768, 0.10914136621585661, 131037000000, 
0.5276814417044853, -0.056341437250014836, 0.1073446553170417, 131139000000, 
0.5172173244251471, -0.0689573024883446, 0.10552021875341885, 131241000000, 
0.5070502520793485, -0.06877063208378924, 0.10346326788059873, 131343000000, 
0.4969993150577579, -0.06739336455796403, 0.1014177927708169, 131445000000, 
0.48696462857555367, -0.06695207834598278, 0.09940094638084401, 131547000000, 
0.47749391245418454, -0.06501800867857788, 0.09743052373916641, 131649000000, 
0.46861793624379083, -0.061155641105876124, 0.09553843181823526, 131751000000, 
0.45967374783383086, -0.05940054873451228, 0.09371903976878708, 131853000000, 
0.45114911483312853, -0.058229404702207686, 0.09196271992738335, 131955000000, 
0.44246905234684325, -0.05734898495662536, 0.09021946100092018, 132057000000, 
0.43413756404683923, -0.056705169287630995, 0.08851704874845406, 132159000000, 
0.42591514365211897, -0.05517969564908095, 0.08683478400305343, 132261000000, 
0.41786871856705615, -0.05422948493261026, 0.08519476175106762, 132363000000, 
0.41002339689228057, -0.05297248919946133, 0.08358715060743038, 132465000000, 
0.4023906177447292, -0.051593669407756594, 0.08201884888027106, 132567000000, 
0.39493448525942565, -0.050296372109516395, 0.08048989999309569, 132669000000, 
0.3900560133684059, -0.04111534792107759, 0.07915874109150405, 132737000000, 
0.38287563616032555, -0.040196163663666996, 0.07785774231921047, 132839000000, 
0.3758386694003975, -0.047391146560027964, 0.07658468792860859, 132941000000, 
0.3689362791795192, -0.04646452326935446, 0.07517670564934949, 133043000000, 
0.3620245621727128, -0.04604702409228242, 0.0737866340501753, 133145000000, 
0.35500513931674155, -0.046437132875925546, 0.07239773204459823, 133247000000, 
0.3483984991020839, -0.045420210235429526, 0.07102854670610255, 133349000000, 
0.3412388073330579, -0.04588777327894552, 0.06964282971679223, 133451000000, 
0.335049835571799, -0.0444955451009497, 0.06831247613379605, 133553000000, 
0.32882676970117525, -0.04137345877294215, 0.06700769417373548, 133655000000, 
0.32279672662216474, -0.04084369649878091, 0.0657782221263426, 133757000000, 
0.3168771724155642, -0.0398319909520369, 0.06456671124926028, 133859000000, 
0.3108158403180146, -0.03993628768050039, 0.06336598262371623, 133961000000, 
0.3049583504755495, -0.03972940646671567, 0.06217675754727522, 134063000000, 
0.2991708813251808, -0.03881652997611266, 0.060996338141249655, 134165000000, 
0.2934819855626609, -0.03825454970962853, 0.05984074782422608, 134267000000, 
0.2897602716459127, -0.03136869893089367, 0.05882754256891696, 134335000000, 
0.28429937611616807, -0.03060869815497617, 0.05783610888831611, 134437000000, 
0.2789594449301309, -0.036002755719272694, 0.05686793951281411, 134539000000, 
0.27371504562425814, -0.035281101639699775, 0.05579825777803714, 134641000000, 
0.2683677222409452, -0.03530574229728578, 0.054736147519688944, 134743000000, 
0.262988026020033, -0.03575673201408373, 0.05367138625901576, 134845000000, 
0.2578960492990388, -0.03490557647302125, 0.05261678650400114, 134947000000, 
0.2529899374079915, -0.0333269620401383, 0.05159160084847089, 135049000000, 
0.24819539881499633, -0.032335501613474926, 0.05060542570146844, 135151000000, 
0.24354269061678976, -0.03149082263733921, 0.04964853512265185, 135253000000, 
0.23899265803251787, -0.030675802608261526, 0.04871538316428693, 135355000000, 
0.2344947238412039, -0.03015988925195288, 0.04780200483270077, 135457000000, 
0.23005375007091605, -0.029796359872006073, 0.04690274212964252, 135559000000, 
0.22568135405729384, -0.02937789927970021, 0.04601532186462758, 135661000000, 
0.22137782104825784, -0.028919763408860693, 0.04514086167843118, 135763000000, 
0.21715168704519255, -0.028432223373670944, 0.04428072414338295, 135865000000, 
0.21438193529256575, -0.023319619185640333, 0.04352742955906774, 135933000000, 
0.2102991656116424, -0.022841738111833803, 0.04278885252996004, 136035000000, 
0.20629902025483463, -0.0269430501257704, 0.04206534141060285, 136137000000, 
0.2023781417937239, -0.026403412726395032, 0.04126508851068006, 136239000000, 
0.19844576930859112, -0.02617750315414502, 0.04047486209047665, 136341000000, 
0.19443617501077576, -0.02647322260982715, 0.03968400574087272, 136443000000, 
0.19065308052882665, -0.025975629265881556, 0.03890233498987957, 136545000000, 
0.18701658561298576, -0.0247319646593, 0.03814038941017254, 136647000000, 
0.18345902830833832, -0.02398017406829443, 0.037408579630010055, 136749000000, 
0.18000446712306323, -0.02337372829974177, 0.03669867206962582, 136851000000, 
0.1766321021507777, -0.022756420525202048, 0.036006373172145285, 136953000000, 
0.17329917265873998, -0.022350981547744158, 0.03532904946217206, 137055000000, 
0.17000703853512095, -0.02208354538552254, 0.034662554222975914, 137157000000, 
0.16676665591308307, -0.021775055818856377, 0.0340048578071296, 137259000000, 
0.16357819138697358, -0.02142949049382457, 0.03335679238901184, 137361000000, 
0.1604472984228585, -0.02106452496741527, 0.032719476381527675, 137463000000, 
0.15738110205807904, -0.020656964429648466, 0.03209377279119407, 137565000000, 
0.15537287280883852, -0.016914752046733223, 0.031546751552651735, 137633000000, 
0.1524123412014428, -0.01656253618878741, 0.031011087737890693, 137735000000, 
0.1495114685631287, -0.019538014152366095, 0.030486445504894003, 137837000000, 
0.14666732792984016, -0.0191500442386755, 0.029906075846294112, 137939000000, 
0.14381311407667247, -0.018994514954854085, 0.029332794037976086, 138041000000, 
0.14090185026625757, -0.019218258878608657, 0.028758819484851345, 138143000000, 
0.13815551144083837, -0.018858675452780305, 0.028191365052251227, 138245000000, 
0.13551622711968075, -0.01795207715525604, 0.027638239255118446, 138347000000, 
0.13293493782142315, -0.0174019120647174, 0.02710711175879615, 138449000000, 
0.13042921230078264, -0.01695671606299372, 0.0265920251494591, 138551000000, 
0.12798357196201968, -0.016504552864678262, 0.02608984813894837, 138653000000, 
0.12556668446193398, -0.01620842612949554, 0.025598631248315754, 138755000000, 
0.1231794793099504, -0.01601364217356428, 0.025115315715593604, 138857000000, 
0.12083005474071312, -0.015788765737402843, 0.024638414567506497, 138959000000, 
0.1185182921017407, -0.015537290694032322, 0.024168521743493612, 139061000000, 
0.1162481610405542, -0.015272979000529735, 0.0237064338588672, 139163000000, 
0.11402501447938583, -0.01497759207451622, 0.023252764508112048, 139265000000, 
0.112569111423457, -0.012263498723657321, 0.022856152462893135, 139333000000, 
0.11042293082719018, -0.012006945507318836, 0.0224678037820022, 139435000000, 
0.10832005717746383, -0.014163514153310575, 0.0220874732952074, 139537000000, 
0.10625839284574431, -0.013881793271486217, 0.021666758723359887, 139639000000, 
0.10415603891686309, -0.013880060868669136, 0.02124896592933808, 139741000000, 
0.10204576716966415, -0.014042085586933872, 0.020830679928818104, 139843000000, 
0.10005522130228783, -0.013669392048584195, 0.020417135159254342, 139945000000, 
